{
  "dataset_id": "25etf_jan2025",
  "equity_curve_file": "results/backtests/25etf_jan2025_equity.csv",
  "Anticor (w=30)": {
    "Cumulative Return": 0.4504300355911255,
    "Annualized Return": 0.08011024053232219,
    "Annualized Volatility": 0.3321827160482918,
    "Sharpe Ratio": 0.24116318117128038,
    "Max Drawdown": -0.7011254438171515,
    "Calmar Ratio": 0.11425949698270309
  },
  "ANTI\u00b9 (smoothed)": {
    "Cumulative Return": 1.32021841124793,
    "Annualized Return": 0.19055934548570108,
    "Annualized Volatility": 0.25542439917658066,
    "Sharpe Ratio": 0.7460498922577992,
    "Max Drawdown": -0.5639239684295939,
    "Calmar Ratio": 0.3379167337333924
  },
  "ANTI\u00b2 (composed)": {
    "Cumulative Return": 5.315074443817139,
    "Annualized Return": 0.4944347873830215,
    "Annualized Volatility": 0.2040178160968241,
    "Sharpe Ratio": 2.423488285691527,
    "Max Drawdown": -0.10962102727071474,
    "Calmar Ratio": 4.5104009667961735
  },
  "EWP": {
    "Cumulative Return": 0.48302646519336756,
    "Annualized Return": 0.08509648792590929,
    "Annualized Volatility": 0.12284766459781621,
    "Sharpe Ratio": 0.6926992727497239,
    "Max Drawdown": -0.20358341253410475,
    "Calmar Ratio": 0.4179932287541046
  },
  "Best Asset (QQQ)": {
    "Cumulative Return": 1.4189235905544542,
    "Annualized Return": 0.20106379447020362,
    "Annualized Volatility": 0.25549440501725695,
    "Sharpe Ratio": 0.7869596770881268,
    "Max Drawdown": -0.3512271663237671,
    "Calmar Ratio": 0.5724608280580997
  }
}