{
  "dataset_id": "25maximumfactors_jan2025",
  "equity_curve_file": "results/backtests/25maximumfactors_jan2025_equity.csv",
  "Anticor (w=30)": {
    "Cumulative Return": -0.5044988095760345,
    "Annualized Return": -0.13542628651583355,
    "Annualized Volatility": 0.8436147468914005,
    "Sharpe Ratio": -0.16053096157323,
    "Max Drawdown": -0.8538189259928292,
    "Calmar Ratio": -0.15861242049461308
  },
  "ANTI\u00b9 (smoothed)": {
    "Cumulative Return": 0.05450713901100879,
    "Annualized Return": 0.011059491646385089,
    "Annualized Volatility": 0.5836743093168104,
    "Sharpe Ratio": 0.018948052826464473,
    "Max Drawdown": -0.6768707565381663,
    "Calmar Ratio": 0.016339148263619045
  },
  "ANTI\u00b2 (composed)": {
    "Cumulative Return": 0.3725583553314209,
    "Annualized Return": 0.07147185221869812,
    "Annualized Volatility": 0.6404936569708382,
    "Sharpe Ratio": 0.11158869637635185,
    "Max Drawdown": -0.772179734836984,
    "Calmar Ratio": 0.09255857023208029
  },
  "EWP": {
    "Cumulative Return": 1.3669019826651594,
    "Annualized Return": 0.19548446857603508,
    "Annualized Volatility": 0.20295322099754165,
    "Sharpe Ratio": 0.9631996359318828,
    "Max Drawdown": -0.2804690533901654,
    "Calmar Ratio": 0.6969912231425162
  },
  "Best Asset (MSTR)": {
    "Cumulative Return": 20.26880546485556,
    "Annualized Return": 0.8853142662580933,
    "Annualized Volatility": 0.9397982015351185,
    "Sharpe Ratio": 0.9420259208966051,
    "Max Drawdown": -0.8926666705663237,
    "Calmar Ratio": 0.9917635501014439
  }
}