{
  "dataset_id": "nyse_top25_jan2025",
  "equity_curve_file": "results/backtests/nyse_top25_jan2025_equity.csv",
  "Anticor (w=30)": {
    "Cumulative Return": 1.7248296737670898,
    "Annualized Return": 0.3083019800720084,
    "Annualized Volatility": 0.27790258874812124,
    "Sharpe Ratio": 1.1093886583094763,
    "Max Drawdown": -0.2721324211416811,
    "Calmar Ratio": 1.1329116125839933
  },
  "ANTI\u00b9 (smoothed)": {
    "Cumulative Return": 1.6042180145395144,
    "Annualized Return": 0.2925189037440381,
    "Annualized Volatility": 0.2094259270466121,
    "Sharpe Ratio": 1.3967654715403597,
    "Max Drawdown": -0.1507811477296131,
    "Calmar Ratio": 1.9400230608974733
  },
  "ANTI\u00b2 (composed)": {
    "Cumulative Return": 1.9884660243988037,
    "Annualized Return": 0.3682048028361673,
    "Annualized Volatility": 0.2443679954840105,
    "Sharpe Ratio": 1.5067636091497083,
    "Max Drawdown": -0.1843535414168635,
    "Calmar Ratio": 1.99727545240683
  },
  "EWP": {
    "Cumulative Return": 0.8488744359564364,
    "Annualized Return": 0.1791088619121597,
    "Annualized Volatility": 0.13924026943737294,
    "Sharpe Ratio": 1.2863294694550897,
    "Max Drawdown": -0.14933830209435447,
    "Calmar Ratio": 1.1993497943949816
  },
  "Best Asset (LLY)": {
    "Cumulative Return": 3.402693196094255,
    "Annualized Return": 0.4885214721673594,
    "Annualized Volatility": 0.28823649456083317,
    "Sharpe Ratio": 1.6948633548700598,
    "Max Drawdown": -0.24119714966729613,
    "Calmar Ratio": 2.0254031726378976
  }
}